;Address 0x09:Cent. Elect. SW:5Q0-937-084-CP   HW:5Q0-937-084-CF
;Component:BCM MQBAB M+  H36 0253, Coding:000000000000000000000000000000000000000000000000000000000000
;EV_BCMMQB,018001,EV_BCMBOSCH_018.rod
;Friday,04,July,2025,21:41:09:16365
;VCDS Version: Release 25.3.1  Data version: 20250408 DS365.0
;VCID: 0849983D12B0C59AC7B-805C

Advanced Identification/FAZIT
     Serial number: 01001724801828
     Identification: SME-RBG
     Date: 06.09.17
     Manufacturer number: 0013
     Test stand number: 2847
Flash Status
     Programming Attempts(application): 0/0/0
     Programming Attempts(data): 2
     Successful Attempts(data): 2
     Flash Date-Workshop ID-Status:
     00.00.00 00000 000 00000 (OK) | 00.00.00 00000 000 00000 (OK) | 00.00.00 00000 000 00000 (OK)
     Flash Tool Code(data): 2097151 1023 131071
Misc.
     Hardware number: 5Q0 937 084 CF
     Workshop System Name: J519
     Workshop ID (Adaptation): 2097151 1023 131071
     Workshop ID (Coding): 00029 028 00029
     Equipment/PR Code: FFFFFFFFFFFFFFFFFFFFFFFE
     Dataset Number: V03935271WQ
     Dataset Version: 0001
     ASAM Dataset: EV_BCMMQB
     ASAM Dataset Revision: 018001
Immobilizer
     Immo Challenge: F5F8A10A
VCDS Info:
     VCID: 0849983D12B0C59AC7B-805C
     Labels: .5Q0-937-08X-V2.clb
     ROD: EV_BCMBOSCH_018.rod


